motif,AFFECT,AGENCY,AIF,AST,ATTN,AUTO-MEM,BUDDHISM,CHALMERS,DENNETT,DISPENZA,DIT,DOC,EMBODIED,GATEWAY,GNWT,HOT,HUME,HUSSERL,IIT,INTERO,IWMT,JAMES,JUNG,KANT,MERLEAU,METACOG,MTOC,NAGEL,PP,PSM,RPT,SLEEP,UPANISHADS,WILBER,WM,support_count
BOUNDARY / SELF–WORLD DISTINCTION,0,0,1,0,0,0,0,0,0,0,0,0,1,1,0,0,0,0,1,1,1,0,0,0,1,0,0,0,1,1,0,0,0,0,0,9
TEMPORAL CONTINUITY,0,0,1,0,0,0,1,0,1,1,0,0,0,1,1,0,1,1,0,1,0,0,0,1,0,0,1,0,1,0,1,1,0,0,0,14
INTEGRATED PRESENT,0,0,0,0,0,0,0,0,0,0,1,0,1,0,1,0,0,1,1,0,1,0,0,1,0,0,0,0,0,0,1,0,0,1,1,10
SELF-ACCESS / SELF-MODEL,0,1,0,1,0,1,0,0,1,0,0,0,0,0,0,1,0,1,0,1,0,0,1,1,0,1,0,0,1,1,0,0,1,1,0,14
RECURRENCE / RE-ENTRY,0,0,1,0,0,0,0,0,1,0,1,0,0,0,1,0,0,1,0,0,1,0,0,0,0,0,0,0,1,0,1,0,0,0,0,8
ATTENTION / SALIENCE,1,0,0,1,1,0,1,0,0,1,0,0,0,1,1,0,0,1,0,1,0,1,1,0,0,0,0,0,0,0,1,0,1,0,1,14
GENERATION / PREDICTION / ERROR,0,1,1,1,1,1,0,0,0,0,0,0,0,0,0,0,0,0,0,0,1,0,0,0,0,1,0,0,1,0,0,0,0,0,0,8
VALUE / AFFECT / HOMEOSTASIS,1,1,1,0,1,0,0,0,0,1,0,0,0,0,0,0,1,0,0,1,0,0,0,0,0,0,0,0,1,0,0,0,0,0,0,8
AGENCY / INTENTION / ACTION,0,1,1,0,1,0,0,0,0,1,0,0,1,1,0,0,1,0,0,1,1,0,0,0,1,0,0,0,1,0,0,0,0,0,0,11
MEMORY / AUTOBIOGRAPHICAL CONTINUITY,0,0,0,0,0,1,0,0,0,0,0,1,0,0,1,0,1,0,0,0,0,0,0,1,0,0,1,0,1,0,0,1,0,0,1,9
EMBODIED / INTERNAL CONDITION,1,1,1,0,0,0,0,0,0,1,0,0,1,1,0,0,0,0,0,1,1,0,0,0,1,0,0,0,0,1,0,0,0,0,0,10
PERSPECTIVE / PHENOMENAL CHARACTER,0,0,0,0,0,0,0,1,0,0,0,0,1,0,0,1,0,1,1,0,0,1,0,0,1,0,0,1,0,1,0,0,1,0,0,10
STATE / REGIME TRANSITION,0,0,0,0,0,0,0,0,0,1,0,0,0,1,0,0,0,0,0,1,0,1,0,0,0,0,0,0,0,0,1,1,1,1,0,8
TRANSFORMATION / SELF-UPDATE,1,0,1,0,0,1,1,0,0,1,0,0,0,0,0,0,0,0,0,1,0,1,1,0,0,0,0,0,1,0,0,0,1,1,0,11
CAUSAL SELF-RELEVANCE,0,1,1,1,0,0,0,1,0,0,0,0,0,0,1,1,1,0,1,0,1,0,0,0,0,1,0,0,1,0,0,0,0,0,0,11
ANTI-HOMUNCULUS / DISTRIBUTED SELF,0,0,0,0,0,0,1,0,1,0,0,0,0,0,1,0,1,0,0,0,1,0,0,0,0,0,0,0,0,1,0,0,0,0,1,7
COLLECTIVE / FIELD EXTENSION,0,0,0,0,0,0,0,0,1,1,0,0,0,0,0,0,0,0,0,0,1,0,0,0,0,0,0,1,0,0,0,0,0,1,0,5
METAPHYSICAL / NONLOCAL EXTENSION,0,0,0,0,0,0,1,1,0,1,0,0,0,1,0,0,0,0,0,0,0,1,1,0,0,0,0,1,0,0,0,0,1,1,0,9